{
    "Precision": 0.38581314878892736,
    "Recall": 0.6445086705202312,
    "Specificity": 0.9632276776465714,
    "NPV": 0.9869454468265761,
    "MCC": 0.47596107786997816,
    "Accuracy": 0.9522,
    "F1-score": 0.4826839826839827,
    "TP": 223,
    "TN": 9299,
    "FP": 355,
    "FN": 123,
    "AUROC": 0.9500897229097884
}