{
    "Precision": 0.3927927927927928,
    "Recall": 0.630057803468208,
    "Specificity": 0.9650921897659002,
    "NPV": 0.9864478560084701,
    "MCC": 0.47508427627966204,
    "Accuracy": 0.9535,
    "F1-score": 0.4839067702552719,
    "TP": 218,
    "TN": 9317,
    "FP": 337,
    "FN": 128,
    "AUROC": 0.9500934651065597
}