{
    "Precision": 0.589041095890411,
    "Recall": 0.12427745664739884,
    "Specificity": 0.9968924798011187,
    "NPV": 0.9694771834391055,
    "MCC": 0.26014539090995403,
    "Accuracy": 0.9667,
    "F1-score": 0.2052505966587112,
    "TP": 43,
    "TN": 9624,
    "FP": 30,
    "FN": 303,
    "AUROC": 0.9509866526319319
}