{
    "Precision": 0.4186046511627907,
    "Recall": 0.49411764705882355,
    "Specificity": 0.9820420728578758,
    "NPV": 0.986699659758738,
    "MCC": 0.4393058014292846,
    "Accuracy": 0.9696,
    "F1-score": 0.45323741007194246,
    "TP": 126,
    "TN": 9570,
    "FP": 175,
    "FN": 129,
    "AUROC": 0.7154802362196803
}