{
    "Precision": 0.4017857142857143,
    "Recall": 0.5294117647058824,
    "Specificity": 0.9793740379681888,
    "NPV": 0.9875827814569537,
    "MCC": 0.4450900612712319,
    "Accuracy": 0.9679,
    "F1-score": 0.4568527918781726,
    "TP": 135,
    "TN": 9544,
    "FP": 201,
    "FN": 120,
    "AUROC": 0.7154675600358154
}