{
    "Precision": 0.3548387096774194,
    "Recall": 0.7051282051282052,
    "Specificity": 0.9755022048015679,
    "NPV": 0.9942571785268415,
    "MCC": 0.4874477177023848,
    "Accuracy": 0.9704326923076924,
    "F1-score": 0.47210300429184554,
    "TP": 55,
    "TN": 3982,
    "FP": 100,
    "FN": 23,
    "AUROC": 0.9628120328144826
}