{
    "Precision": 0.40054495912806537,
    "Recall": 0.6228813559322034,
    "Specificity": 0.9774682507169193,
    "NPV": 0.990760925983598,
    "MCC": 0.48468580978431225,
    "Accuracy": 0.9691,
    "F1-score": 0.4875621890547264,
    "TP": 147,
    "TN": 9544,
    "FP": 220,
    "FN": 89,
    "AUROC": 0.965016768620807
}