{
    "Precision": 0.5855063674954518,
    "Recall": 0.5914241960183767,
    "Specificity": 0.7970304380103934,
    "NPV": 0.8009549388242315,
    "MCC": 0.38745668830553537,
    "Accuracy": 0.7299,
    "F1-score": 0.5884504037787598,
    "TP": 1931,
    "TN": 5368,
    "FP": 1367,
    "FN": 1334,
    "AUROC": 0.7782486632991925
}