{
    "Precision": 0.4908473296848462,
    "Recall": 0.7939560439560439,
    "Specificity": 0.598750743604997,
    "NPV": 0.8564135290363752,
    "MCC": 0.36928538594710114,
    "Accuracy": 0.6627,
    "F1-score": 0.6066472303206997,
    "TP": 2601,
    "TN": 4026,
    "FP": 2698,
    "FN": 675,
    "AUROC": 0.7668957678252741
}