{
    "Precision": 0.4848848848848849,
    "Recall": 0.7820471423958669,
    "Specificity": 0.6272635086194408,
    "NPV": 0.8651348651348651,
    "MCC": 0.3785060260402715,
    "Accuracy": 0.6752,
    "F1-score": 0.5986159169550173,
    "TP": 2422,
    "TN": 4330,
    "FP": 2573,
    "FN": 675,
    "AUROC": 0.7729641537180818
}