{
    "Precision": 0.4898724681170293,
    "Recall": 0.7973137973137974,
    "Specificity": 0.5954788816180845,
    "NPV": 0.8577549271636675,
    "MCC": 0.36952062981979483,
    "Accuracy": 0.6616,
    "F1-score": 0.6068773234200745,
    "TP": 2612,
    "TN": 4004,
    "FP": 2720,
    "FN": 664,
    "AUROC": 0.767202153058786
}