{
    "Precision": 0.49076168929110103,
    "Recall": 0.7945665445665445,
    "Specificity": 0.5983045806067817,
    "NPV": 0.856686541737649,
    "MCC": 0.3694622815170002,
    "Accuracy": 0.6626,
    "F1-score": 0.6067599067599068,
    "TP": 2603,
    "TN": 4023,
    "FP": 2701,
    "FN": 673,
    "AUROC": 0.7670887964240136
}