{
    "Precision": 0.4901148559593297,
    "Recall": 0.7945665445665445,
    "Specificity": 0.5972635336109459,
    "NPV": 0.8564725954361271,
    "MCC": 0.36851511254712305,
    "Accuracy": 0.6619,
    "F1-score": 0.6062652847327356,
    "TP": 2603,
    "TN": 4016,
    "FP": 2708,
    "FN": 673,
    "AUROC": 0.7670997144338905
}