{
    "Precision": 0.49167297501892504,
    "Recall": 0.793040293040293,
    "Specificity": 0.6005353955978584,
    "NPV": 0.8562340966921119,
    "MCC": 0.37003751881499064,
    "Accuracy": 0.6636,
    "F1-score": 0.6070093457943926,
    "TP": 2598,
    "TN": 4038,
    "FP": 2686,
    "FN": 678,
    "AUROC": 0.7670939262997563
}