{
    "Precision": 0.4843031393721256,
    "Recall": 0.7820471423958669,
    "Specificity": 0.6263943213095755,
    "NPV": 0.8649729945989197,
    "MCC": 0.3777020722692856,
    "Accuracy": 0.6746,
    "F1-score": 0.5981723882440109,
    "TP": 2422,
    "TN": 4324,
    "FP": 2579,
    "FN": 675,
    "AUROC": 0.7730371005273454
}