{
    "Precision": 0.4897806112882055,
    "Recall": 0.7973137973137974,
    "Specificity": 0.5953301606186794,
    "NPV": 0.8577244482536962,
    "MCC": 0.3693856548109214,
    "Accuracy": 0.6615,
    "F1-score": 0.6068068300615634,
    "TP": 2612,
    "TN": 4003,
    "FP": 2721,
    "FN": 664,
    "AUROC": 0.7670400399058936
}