{
    "Precision": 0.2,
    "Recall": 0.5,
    "Specificity": 0.8571428571428571,
    "NPV": 0.96,
    "MCC": 0.23904572186687875,
    "Accuracy": 0.8333333333333334,
    "F1-score": 0.28571428571428575,
    "TP": 1,
    "TN": 24,
    "FP": 4,
    "FN": 1,
    "AUROC": 0.8392857142857143
}