{
    "Precision": 0.5908060861120104,
    "Recall": 0.5515261408280447,
    "Specificity": 0.8110895232401734,
    "NPV": 0.7852698596440457,
    "MCC": 0.36928448222260274,
    "Accuracy": 0.7252,
    "F1-score": 0.5704907783682401,
    "TP": 1825,
    "TN": 5427,
    "FP": 1264,
    "FN": 1484,
    "AUROC": 0.7849279639741056
}